{
    "0":0.5,
    "1":0.529732,
    "2":0.561231,
    "3":0.594604,
    "4":0.629961,
    "5":0.667420,
    "6":0.707107,
    "7":0.749154,
    "8":0.793701,
    "9":0.840896,
    "10":0.890899,
    "11":0.943874,
    "12":1,
    "13":1.059463,
    "14":1.122462,
    "15":1.189207,
    "16":1.259921,
    "17":1.334840,
    "18":1.414214,
    "19":1.498307,
    "20":1.587401,
    "21":1.681793,
    "22":1.781797,
    "23":1.887749,
    "24":2
 }